{
    "num": 1,
    "name": "unnamed",
    "N":4,
    "A_mat": [
        [
            -7.767616505445372e-06,
            2.2779110023365018e-06,
            -2.2843368339139096e-06
        ],
        [
            3.1242508296641256e-06,
            1.347149758201179e-05,
            -1.8095274053652654e-06
        ],
        [
            -6.62268432026752e-07,
            1.7665835174777952e-06,
            1.1300224770787422e-05
        ]
    ],
    "Tau_vec": [
        3.623836861397035e-08,
        -2.8395713745966696e-08,
        -2.4159423587799338e-08
    ],
    "Tau_s_vec": [
        3.25421204336245e-08,
        -3.4576599185554525e-08,
        -2.999663984752555e-08
    ],
    "calibration_info": {
        "calibration_time": "00:56:28 05/22/25 PDT"
    }
}