{
    "size":1,
    "x-axis":{
        "a": 8.344089437202501e-07,
        "tau": -3.733124448668077e-08,
        "tau_s":-3.364889857912521e-08,
        "N":4
    },
    "y-axis":{
        "a": 1.0637846441138203e-06,
        "tau": -3.500937270773283e-08,
        "tau_s":-3.09877648137815e-08,
        "N":4
    },
    "z-axis":{
        "a": -8.549823496701631e-07,
        "tau": 2.9679368901105485e-08,
        "tau_s":3.611127828063294e-08,
        "N":4
    }
}